{"v":"5.11.0","fr":60,"ip":0,"op":300,"w":512,"h":512,"nm":"Loader","ddd":0,"assets":[],"layers":[{"ddd":0,"ind":1,"ty":4,"nm":"Shape","sr":1,"ks":{"o":{"a":0,"k":100,"ix":11},"r":{"a":0,"k":0,"ix":10},"p":{"a":1,"k":[{"i":{"x":0.833,"y":0.833,"t":0},"o":{"x":0.167,"y":0.167,"t":0},"t":0,"s":[256,256,0]},{"i":{"x":0.833,"y":0.833,"t":150},"o":{"x":0.167,"y":0.167,"t":150},"t":150,"s":[256,256,0]},{"t":300,"s":[256,256,0]}],"ix":2},"a":{"a":0,"k":[0,0,0],"ix":1},"s":{"a":1,"k":[{"i":{"x":0.833,"y":0.833,"t":0},"o":{"x":0.167,"y":0.167,"t":0},"t":0,"s":[100,100,100]},{"i":{"x":0.833,"y":0.833,"t":150},"o":{"x":0.167,"y":0.167,"t":150},"t":150,"s":[100,100,100]},{"t":300,"s":[100,100,100]}],"ix":6}},"ao":0,"shapes":[{"ddd":0,"ind":1,"ty":5,"nm":"Rectangle Path 1","ks":{"p":{"a":0,"k":[-0.5,0.5,0],"ix":2},"s":{"a":0,"k":[192,192],"ix":3},"r":{"a":0,"k":0,"ix":4}},"hd":false},{"ddd":0,"ind":2,"ty":5,"nm":"Rectangle Path 2","ks":{"p":{"a":0,"k":[-0.5,0.5,0],"ix":2},"s":{"a":0,"k":[192,192],"ix":3},"r":{"a":0,"k":0,"ix":4}},"hd":false},{"ddd":0,"ind":3,"ty":2,"nm":"Stroke 1","o":0,"w":24,"lc":2,"lj":2,"ml":4,"ks":{"o":{"a":0,"k":100,"ix":3},"w":{"a":0,"k":24,"ix":2},"c":{"a":0,"k":[0.243137254902,0.149019607843,0.690196078431],"ix":1}},"hd":false},{"ddd":0,"ind":4,"ty":2,"nm":"Stroke 2","o":0,"w":24,"lc":2,"lj":2,"ml":4,"ks":{"o":{"a":0,"k":100,"ix":3},"w":{"a":0,"k":24,"ix":2},"c":{"a":0,"k":[0.941176470588,0.380392156863,0.588235294118],"ix":1}},"hd":false},{"ddd":0,"ind":5,"ty":10,"nm":"Trim Paths 1","s":{"a":1,"k":[{"i":{"x":0.833,"y":0.833,"t":0},"o":{"x":0.167,"y":0.167,"t":0},"t":0,"s":0},{"i":{"x":0.833,"y":0.833,"t":37},"o":{"x":0.167,"y":0.167,"t":37},"t":37,"s":25},{"t":89,"s":25}],"ix":1},"e":{"a":1,"k":[{"i":{"x":0.833,"y":0.833,"t":0},"o":{"x":0.167,"y":0.167,"t":0},"t":0,"s":100},{"t":89,"s":100}],"ix":2},"o":{"a":1,"k":[{"i":{"x":0.833,"y":0.833,"t":0},"o":{"x":0.167,"y":0.167,"t":0},"t":0,"s":0},{"i":{"x":0.833,"y":0.833,"t":37},"o":{"x":0.167,"y":0.167,"t":37},"t":37,"s":0},{"i":{"x":0.833,"y":0.833,"t":89},"o":{"x":0.167,"y":0.167,"t":89},"t":89,"s":-90},{"i":{"x":0.833,"y":0.833,"t":126},"o":{"x":0.167,"y":0.167,"t":126},"t":126,"s":-270},{"t":300,"s":-270}],"ix":3},"m":1,"ix":5,"hd":false},{"ddd":0,"ind":6,"ty":10,"nm":"Trim Paths 2","s":{"a":1,"k":[{"i":{"x":0.833,"y":0.833,"t":0},"o":{"x":0.167,"y":0.167,"t":0},"t":0,"s":0},{"t":164,"s":0},{"i":{"x":0.833,"y":0.833,"t":198},"o":{"x":0.167,"y":0.167,"t":198},"t":198,"s":25},{"t":243,"s":25}],"ix":1},"e":{"a":1,"k":[{"i":{"x":0.833,"y":0.833,"t":0},"o":{"x":0.167,"y":0.167,"t":0},"t":0,"s":100},{"t":243,"s":100}],"ix":2},"o":{"a":1,"k":[{"i":{"x":0.833,"y":0.833,"t":0},"o":{"x":0.167,"y":0.167,"t":0},"t":0,"s":0},{"i":{"x":0.833,"y":0.833,"t":164},"o":{"x":0.167,"y":0.167,"t":164},"t":164,"s":0},{"i":{"x":0.833,"y":0.833,"t":198},"o":{"x":0.167,"y":0.167,"t":198},"t":198,"s":90},{"t":300,"s":90}],"ix":3},"m":1,"ix":6,"hd":false}],"ip":0,"op":300,"st":0,"bm":0}]}