
{"v":"5.9.6","fr":60,"ip":0,"op":180,"w":512,"h":512,"nm":"Data Illustration","ddd":0,"assets":[],"layers":[{"ddd":0,"ind":1,"ty":4,"nm":"Shape Layer 1","sr":1,"ks":{"o":{"a":0,"k":100,"ix":11},"r":{"a":0,"k":0,"ix":10},"p":{"a":0,"k":[256,256,0],"ix":2},"a":{"a":0,"k":[0,0,0],"ix":1},"s":{"a":0,"k":[100,100,100],"ix":6}},"ao":0,"shapes":[{"ddd":0,"ind":1,"ty":"gr","nm":"Group 1","np":3,"it":[{"ind":0,"ty":"sh","ix":1,"ks":{"a":0,"k":{"i":[[-2.62,0],[0,-2.628],[2.62,0],[0,2.628]],"o":[[2.62,0],[0,2.628],[-2.62,0],[0,-2.628]],"v":[[0,-4.757],[-4.74,0],[0,4.757],[4.74,0]],"c":true},"ix":2},"nm":"Path 1"},{"ind":1,"ty":"fl","c":{"a":0,"k":[0.4,0.4,0.4,1],"ix":4},"o":{"a":0,"k":100,"ix":5},"r":1,"nm":"Fill 1"},
{"ddd":0,"ind":2,"ty":"tr","nm":"Transform","o":{"a":0,"k":100,"ix":7},"r":{"a":1,"k":[{"i":{"x":[0.833,0.833,0.833],"y":[0.167,0.167,0.167]},"o":{"x":[0.167,0.167,0.167],"y":[0.833,0.833,0.833]},"t":0,"s":[0]},{"t":180,"s":[360]}],"ix":6},"p":{"a":0,"k":[0,131.5,0],"ix":2},"a":{"a":0,"k":[0,0,0],"ix":1},"s":{"a":0,"k":[100,100,100],"ix":3}}],"nm":"Group 1"},{"ddd":0,"ind":2,"ty":"gr","nm":"Group 1","np":3,"it":[{"ind":0,"ty":"sh","ix":1,"ks":{"a":0,"k":{"i":[[-2.62,0],[0,-2.628],[2.62,0],[0,2.628]],"o":[[2.62,0],[0,2.628],[-2.62,0],[0,-2.628]],"v":[[0,-4.757],[-4.74,0],[0,4.757],[4.74,0]],"c":true},"ix":2},"nm":"Path 1"},{"ind":1,"ty":"fl","c":{"a":0,"k":[0.4,0.4,0.4,1],"ix":4},"o":{"a":0,"k":100,"ix":5},"r":1,"nm":"Fill 1"},{"ddd":0,"ind":2,"ty":"tr","nm":"Transform","o":{"a":0,"k":100,"ix":7},"r":{"a":1,"k":[{"i":{"x":[0.833,0.833,0.833],"y":[0.167,0.167,0.167]},"o":{"x":[0.167,0.167,0.167],"y":[0.833,0.833,0.833]},"t":0,"s":[0]},{"t":180,"s":[360]}],"ix":6},"p":{"a":0,"k":[0,165,0],"ix":2},"a":{"a":0,"k":[0,0,0],"ix":1},"s":{"a":0,"k":[100,100,100],"ix":3}}],"nm":"Group 1"},{"ddd":0,"ind":3,"ty":"gr","nm":"Group 2","np":3,"it":[{"ind":0,"ty":"sh","ix":1,"ks":{"a":0,"k":{"i":[[-2.62,0],[0,-2.628],[2.62,0],[0,2.628]],"o":[[2.62,0],[0,2.628],[-2.62,0],[0,-2.628]],"v":[[0,-4.757],[-4.74,0],[0,4.757],[4.74,0]],"c":true},"ix":2},"nm":"Path 1"},{"ind":1,"ty":"fl","c":{"a":0,"k":[0.4,0.4,0.4,1],"ix":4},"o":{"a":0,"k":100,"ix":5},"r":1,"nm":"Fill 1"},{"ddd":0,"ind":2,"ty":"tr","nm":"Transform","o":{"a":0,"k":100,"ix":7},"r":{"a":1,"k":[{"i":{"x":[0.833,0.833,0.833],"y":[0.167,0.167,0.167]},"o":{"x":[0.167,0.167,0.167],"y":[0.833,0.833,0.833]},"t":0,"s":[0]},{"t":180,"s":[360]}],"ix":6},"p":{"a":0,"k":[158.5,-14.5,0],"ix":2},"a":{"a":0,"k":[0,0,0],"ix":1},"s":{"a":0,"k":[100,100,100],"ix":3}}],"nm":"Group 2"},{"ddd":0,"ind":4,"ty":"gr","nm":"Group 3","np":3,"it":[{"ind":0,"ty":"sh","ix":1,"ks":{"a":0,"k":{"i":[[-2.62,0],[0,-2.628],[2.62,0],[0,2.628]],"o":[[2.62,0],[0,2.628],[-2.62,0],[0,-2.628]],"v":[[0,-4.757],[-4.74,0],[0,4.757],[4.74,0]],"c":true},"ix":2},"nm":"Path 1"},{"ind":1,"ty":"fl","c":{"a":0,"k":[0.4,0.4,0.4,1],"ix":4},"o":{"a":0,"k":100,"ix":5},"r":1,"nm":"Fill 1"},{"ddd":0,"ind":2,"ty":"tr","nm":"Transform","o":{"a":0,"k":100,"ix":7},"r":{"a":1,"k":[{"i":{"x":[0.833,0.833,0.833],"y":[0.167,0.167,0.167]},"o":{"x":[0.167,0.167,0.167],"y":[0.833,0.833,0.833]},"t":0,"s":[0]},{"t":180,"s":[360]}],"ix":6},"p":{"a":0,"k":[-149.976,14.629,0],"ix":2},"a":{"a":0,"k":[0,0,0],"ix":1},"s":{"a":0,"k":[100,100,100],"ix":3}}],"nm":"Group 3"},{"ddd":0,"ind":5,"ty":"gr","nm":"Group 4","np":2,"it":[{"ind":0,"ty":"gr","ix":1,"nm":"Group 1","np":2,"it":[{"ind":0,"ty":"sh","ix":1,"ks":{"a":0,"k":{"i":[[0,0],[0,0],[0,0],[0,0]],"o":[[0,0],[0,0],[0,0],[0,0]],"v":[[-1,131.5],[1,131.5],[1,165],[-1,165]],"c":true},"ix":2},"nm":"Path 1"},
{"ind":1,"ty":"gs","o":{"a":0,"k":100,"ix":8},"m":1,"p":1,"s":{"a":0,"k":[1,100,100],"ix":5},"r":{"a":0,"k":0,"ix":6},"g":{"p":4,"k":{"a":0,"k":[0.42,0.482,0.925,1,0.596,0.22,0.855,1,0.78,0,0.765,1,1,0,0.675,1],"ix":7}},"h":{"a":0,"k":0,"ix":9},"t":{"a":0,"k":0,"ix":10},"nm":"Gradient Stroke 1"}],"bm":0,"mn":"ADBE Vector Group","cix":2,"hd":false,"ix":1},{"ddd":0,"ind":1,"ty":"tr","nm":"Transform","o":{"a":0,"k":100,"ix":7},"r":{"a":1,"k":[{"i":{"x":[0.833,0.833,0.833],"y":[0.167,0.167,0.167]},"o":{"x":[0.167,0.167,0.167],"y":[0.833,0.833,0.833]},"t":0,"s":[0]},{"t":180,"s":[360]}],"ix":6},"p":{"a":0,"k":[0,0,0],"ix":2},"a":{"a":0,"k":[0,0,0],"ix":1},"s":{"a":0,"k":[100,100,100],"ix":3}}],"nm":"Group 4"},{"ddd":0,"ind":6,"ty":"gr","nm":"Group 5","np":2,"it":[{"ind":0,"ty":"gr","ix":1,"nm":"Group 1","np":2,"it":[{"ind":0,"ty":"sh","ix":1,"ks":{"a":0,"k":{"i":[[0,0],[0,0]],"o":[[0,0],[0,0]],"v":[[-149.976,14.629],[-149.976,-14.629]]},"ix":2},"nm":"Path 1"},
{"ind":1,"ty":"gs","o":{"a":0,"k":100,"ix":8},"m":1,"p":1,"s":{"a":0,"k":[1,100,100],"ix":5},"r":{"a":0,"k":0,"ix":6},"g":{"p":4,"k":{"a":0,"k":[0.42,0.482,0.925,1,0.596,0.22,0.855,1,0.78,0,0.765,1,1,0,0.675,1],"ix":7}},"h":{"a":0,"k":0,"ix":9},"t":{"a":0,"k":0,"ix":10},"nm":"Gradient Stroke 1"}],"bm":0,"mn":"ADBE Vector Group","cix":2,"hd":false,"ix":1},{"ddd":0,"ind":1,"ty":"tr","nm":"Transform","o":{"a":0,"k":100,"ix":7},"r":{"a":1,"k":[{"i":{"x":[0.833,0.833,0.833],"y":[0.167,0.167,0.167]},"o":{"x":[0.167,0.167,0.167],"y":[0.833,0.833,0.833]},"t":0,"s":[0]},{"t":180,"s":[360]}],"ix":6},"p":{"a":0,"k":[0,0,0],"ix":2},"a":{"a":0,"k":[0,0,0],"ix":1},"s":{"a":0,"k":[100,100,100],"ix":3}}],"nm":"Group 5"}],"ip":0,"op":180,"st":0,"bm":0}]}
